[
  {
    "name": "service-instance-id",
    "property": {
      "description": "",
      "required": false,
      "type": "string",
      "status": "",
      "constraints": [
        {}
      ],
      "entry_schema": {
        "type": ""
      },
      "default": ""
    },
    "input-param": false,
    "dictionary-name": "service-instance-id",
    "dictionary-source": "input",
    "dependencies": [],
    "version": 0
  },
  {
    "name": "vnf-id",
    "property": {
      "description": "",
      "required": false,
      "type": "string",
      "status": "",
      "constraints": [
        {}
      ],
      "entry_schema": {
        "type": ""
      },
      "default": ""
    },
    "input-param": false,
    "dictionary-name": "vnf-id",
    "dictionary-source": "input",
    "dependencies": [],
    "version": 0
  },
  {
    "name": "vf-module-id",
    "property": {
      "description": "",
      "required": false,
      "type": "string",
      "status": "",
      "constraints": [
        {}
      ],
      "entry_schema": {
        "type": ""
      }
    },
    "input-param": false,
    "dictionary-name": "vf-module-id",
    "dictionary-source": "input",
    "dependencies": [],
    "version": 0
  },
  {
    "name": "vnf_id",
    "property": {
      "description": "",
      "required": false,
      "type": "string",
      "status": "",
      "constraints": [
        {}
      ],
      "entry_schema": {
        "type": ""
      },
      "default": "ubuntuCDS_VNF"
    },
    "input-param": false,
    "dictionary-name": "vnf-id",
    "dictionary-source": "sdnc",
    "dependencies": [],
    "version": 0
  },
  {
    "name": "ubuntuCDS_image_name",
    "property": {
      "description": "",
      "required": false,
      "type": "string",
      "status": "",
      "constraints": [
        {}
      ],
      "entry_schema": {
        "type": ""
      }
    },
    "input-param": false,
    "dictionary-name": "image_name",
    "dictionary-source": "input",
    "dependencies": [],
    "version": 0
  },
  {
    "name": "ubuntuCDS_flavor_name",
    "property": {
      "description": "",
      "required": false,
      "type": "string",
      "status": "",
      "constraints": [
        {}
      ],
      "entry_schema": {
        "type": ""
      }
    },
    "input-param": false,
    "dictionary-name": "vlb_flavor_name",
    "dictionary-source": "input",
    "dependencies": [],
    "version": 0
  },
  {
    "name": "ubuntuCDS_pub_key",
    "property": {
      "description": "",
      "required": false,
      "type": "string",
      "status": "",
      "constraints": [
        {}
      ],
      "entry_schema": {
        "type": ""
      }
    },
    "input-param": false,
    "dictionary-name": "pub_key",
    "dictionary-source": "input",
    "dependencies": [],
    "version": 0
  },
  {
    "name": "ubuntuCDS_name_0",
    "property": {
      "description": "",
      "required": false,
      "type": "string",
      "status": "",
      "constraints": [
        {}
      ],
      "entry_schema": {
        "type": ""
      }
    },
    "input-param": false,
    "dictionary-name": "vnf_name",
    "dictionary-source": "input",
    "dependencies": [],
    "version": 0
  },
  {
    "name": "admin_plane_net_name",
    "property": {
      "description": "",
      "required": false,
      "type": "string",
      "status": "",
      "constraints": [
        {}
      ],
      "entry_schema": {
        "type": ""
      }
    },
    "input-param": false,
    "dictionary-name": "public_net_id",
    "dictionary-source": "input",
    "dependencies": [],
    "version": 0
  }
]